Items,Categories
CREDIT UNION EXEMPT,Professional and Financial
ACCOUNTANT,Professional and Financial
CAFE-FAST FOOD,Retail and Services
TIRES&GENERAL MERCH,Construction and Manufacturing
CELL TOWER,Professional and Financial
FARM EQUIP-FARMING,Construction and Manufacturing
SPECIALTY STORE-SOFT,Retail and Services
WINERY,Retail and Services
SPECIAL EQ PLATES,Construction and Manufacturing
ART DEALERS,Retail and Services
MISC CONTRACTOR,Construction and Manufacturing
TV CABLE COMPANY,Professional and Financial
GRADING-EARTH MOVING,Construction and Manufacturing
ARCHITECT&ENGINEER,Professional and Financial
GENERAL BUILDING,Construction and Manufacturing
PUBLIC AGENCY,Construction and Manufacturing
PACKING HOUSES,Construction and Manufacturing
MISC LIVESTOCK,Construction and Manufacturing
BRICK PRODUCTS RETL,Construction and Manufacturing
NURSERIES-RETAIL,Construction and Manufacturing
FLORIST-WHOLESALE,Retail and Services
GROCERY STORES,Retail and Services
PLUMBING,Construction and Manufacturing
BRICK & CEMENT,Construction and Manufacturing
MISC & TECHNICAL LAB,Health and Welfare
MISC SCHOOL,Health and Welfare
CAFE,Retail and Services
STATIONERY,Retail and Services
SERVICE STATION&MKTS,Retail and Services
MOBILE HOME PARK,Construction and Manufacturing
REAL ESTATE&DEVELOPE,Construction and Manufacturing
MACHINE SHOP,Construction and Manufacturing
APARTMENTS,Construction and Manufacturing
LOW INCOME HOUSING,Construction and Manufacturing
BODY CULTURE/MASSAGE,Health and Welfare
CARS - USED,Retail and Services
DENTIST,Professional and Financial
INSURANCE BROKER,Professional and Financial
LIQUOR STORE,Retail and Services
AUTO REPAIR SHOP,Construction and Manufacturing
MOWER/WELDING/SML RE,Construction and Manufacturing
DAIRY PRODUCT STORES,Retail and Services
BEAUTY SHOP,Retail and Services
JEWELRY STORE,Retail and Services
ATTORNEY,Professional and Financial
NEWS STAND&CIGAR STA,Retail and Services
BARBER SHOP,Retail and Services
TITLE INSURANCE CO,Professional and Financial
TAILOR,Retail and Services
SPECIALTY/HARD GOODS,Retail and Services
PET STORE,Retail and Services
MUSIC,Retail and Services
FLORIST SHOP,Retail and Services
PRINTERS - GRAPHICS,Construction and Manufacturing
ANTIQUE,Retail and Services
AUTO-RENTAL,Retail and Services
SELF SERV(COMPOSITE),Retail and Services
SUPERMARKET,Retail and Services
BOOK STORE,Retail and Services
BAR,Retail and Services
SMOG STATION,Retail and Services
AUTO WASH-SELF SERV,Retail and Services
COPY SHOP - PRINTER,Retail and Services
PUBLISHER-OFFICES,Retail and Services
FROSTY STAND,Retail and Services
DISPENSARIES,Health and Welfare
BANKS,Professional and Financial
LOAN/MORTGAGE,Professional and Financial
DOCTOR/OSTEOPA/CHIRO,Professional and Financial
LUMBER-RETAIL,Construction and Manufacturing
OPTOMETRIST,Professional and Financial
PRINTSHOPS,Construction and Manufacturing
HOSPITAL,Health and Welfare
MISC BROKER,Professional and Financial
AUTO WASHER,Construction and Manufacturing
DRUG STORES,Retail and Services
VET/ANIMAL HOSP,Professional and Financial
BUSINESS-MISCELLANEO,Professional and Financial
MFG LIGHT,Construction and Manufacturing
FITNESS CENTER,Health and Welfare
REST HOME,Health and Welfare
THEATRE,Retail and Services
MISC AMUSEMENT,Retail and Services
NAIL SHOP,Retail and Services
BAKERY-BAKER,Retail and Services
BICYCLE STORES,Retail and Services
NEW FURNITURE,Retail and Services
CLOTHING,Retail and Services
"SUPPLIES, STATIONERY",Retail and Services
SERVICE,Retail and Services
LOCKSMITH,Retail and Services
PUBLIC STORAGE,Construction and Manufacturing
CONTRCTR/RNTAL CONST,Construction and Manufacturing
AUTO AGENCY,Professional and Financial
AUTO BODY/FENDER,Construction and Manufacturing
HARDWARE - RETAIL,Construction and Manufacturing
BUILDING SUPPLIES GE,Construction and Manufacturing
RECYCLER(COLLECTION),Construction and Manufacturing
TRASH COMPANY,Construction and Manufacturing
GLASS&PAINTS-RETAIL,Construction and Manufacturing
MAILBOX CENTER,Retail and Services
MISC FOOD STORE,Retail and Services
TICKET/TRAVEL,Retail and Services
AUTO PARTS-RETAIL,Retail and Services
COMMERCIAL,Construction and Manufacturing
WOOD PRODUCTS MFG,Construction and Manufacturing
DIRT/SAND/GRAVEL,Construction and Manufacturing
UNION,Construction and Manufacturing
MOTEL FURNISHINGS,Construction and Manufacturing
POOL SUPPLIES,Construction and Manufacturing
STOCK/BOND BROKER,Professional and Financial
TRUCK TERMINALS,Construction and Manufacturing
PRE-SCHOOL/CHILDCARE,Health and Welfare
GAS&OIL PLANTS,Construction and Manufacturing
FARM&HEAVY EQUIP RET,Construction and Manufacturing
MEDICAL LABORATORY,Health and Welfare
PHARMACY,Retail and Services
FEED STORE,Retail and Services
SHOE REPAIR,Retail and Services
PAWN BROKER,Retail and Services
VETERINARIAN,Professional and Financial
DELICATESSEN,Retail and Services
ESCROW COMPANY,Professional and Financial
BARBER/BEAUTY SHOP S,Retail and Services
ADVERTISING,Professional and Financial
METAL-LIGHT MFG,Construction and Manufacturing
FURNITURE,Construction and Manufacturing
WRECKERS,Construction and Manufacturing
AUTO TIRES,Construction and Manufacturing
AUTO PARKING,Construction and Manufacturing
MFG HEAVY,Construction and Manufacturing
LUMBER&BUILDING SUPP,Construction and Manufacturing
HORSE 571K,Construction and Manufacturing
OFFSET,Construction and Manufacturing
APPLIANCE REPAIR/SER,Retail and Services
SOFTWARE,Professional and Financial
HOTEL FURNISHINGS,Construction and Manufacturing
MODEL HOMES,Construction and Manufacturing
WATER CO (WELLS),Construction and Manufacturing
RADIO STATION,Professional and Financial
HEATING&AIR CONDITIO,Construction and Manufacturing
MILLING COMPANIES,Construction and Manufacturing
RADIO/TV/COMPUTERS,Construction and Manufacturing
ELECTRICITY GENERATI,Construction and Manufacturing
AMUSEMENT CENTER,Retail and Services
1-HOUR FILM PROCESSI,Retail and Services
ELECTRONIC MANUFACTU,Construction and Manufacturing
CARPET&DRAPERIES,Construction and Manufacturing
EXTERMINATOR,Retail and Services
VENDING,Retail and Services
PRIVATE STORAGE RETA,Construction and Manufacturing
ROOFING,Construction and Manufacturing
FARMING-NURSERIES,Construction and Manufacturing
HANGARS(PORTABLE),Construction and Manufacturing
ELECTRICAL,Construction and Manufacturing
AEROSPACE(AIRFRAME),Construction and Manufacturing
ILLUMINATED SIGNS,Construction and Manufacturing
CHEMICALS,Construction and Manufacturing
PLUMBING-RETAIL,Construction and Manufacturing
FOOD/DRINK CART,Retail and Services
FOODS,Retail and Services
PLASTICS MFG,Construction and Manufacturing
AUTO PARTS-WHOLESALE,Construction and Manufacturing
CATERER,Retail and Services
COLD STORAGE,Construction and Manufacturing
PHOTO FINISHING,Construction and Manufacturing
BUSINESS SCHOOL,Professional and Financial
OFFICE EQUIPMENT,Construction and Manufacturing
DEPARTMENT STORE,Retail and Services
MAILING&SHIPPING SER,Retail and Services
MEAT DEPARTMENT,Construction and Manufacturing
APPLIANCE/FURNITURE,Construction and Manufacturing
CANDY STORES,Retail and Services
MUSIC&RECORDINGS,Construction and Manufacturing
CHECK CASHING/MONEY,Retail and Services
WATER SOFTENER SERV,Retail and Services
RENTAL LINENS,Retail and Services
FURNITURE-UNFINISHED,Construction and Manufacturing
SILK SCREENING,Construction and Manufacturing
FURNITURE - USED,Construction and Manufacturing
LEASED EQUIP-TRUE LE,Construction and Manufacturing
TRAILER/CAMPER,Construction and Manufacturing
JEWELRY MFG,Construction and Manufacturing
CREDIT UNION NON EX,Professional and Financial
MOTORCYCLE,Retail and Services
APPLIANCES-RETAIL,Construction and Manufacturing
RADIO/TV REPAIR,Construction and Manufacturing
BOAT&SUPPLIERS,Retail and Services
BAKERY/CONFECTIONERS,Retail and Services
BAIL BONDS,Retail and Services
MEDICAL/HOSPITAL,Health and Welfare
WATCH REPAIR,Retail and Services
COSTUME JEWELRY STOR,Retail and Services
HEAVY CONSTRUCTION,Construction and Manufacturing
FISH&POULTRY MARKET,Retail and Services
BAKERY,Retail and Services
ELECTRONICS,Construction and Manufacturing
PLUMBING WHOLESALE&D,Construction and Manufacturing
PET FOOD STORES,Retail and Services
JANITORIAL,Professional and Financial
BIO-MED R&D,Health and Welfare
EMPLOYMENT,Professional and Financial
PAPER PRODUCTS,Construction and Manufacturing
BEVERAGE BEER&WINE,Retail and Services
BEVERAGE-SOFT DRINK,Retail and Services
FLOORS/BLINDS BLDG,Construction and Manufacturing
HARDWARE&ELECTRICAL,Construction and Manufacturing
CHEMICALS&FERTILIZER,Construction and Manufacturing
WOODWORK REPAIR SHOP,Construction and Manufacturing
BIO-TECH INDUSTRY,Health and Welfare
PLASTERING,Construction and Manufacturing
BOTTLED WATER COMPAN,Construction and Manufacturing
BOAT MFG,Retail and Services
DENTAL LABORATORY,Health and Welfare
LIQUOR WHOLESALE&DIS,Construction and Manufacturing
ELECTRONIC ASSEMBLY,Construction and Manufacturing
DATA CENTER,Professional and Financial
DRUGS-WHOLESALE,Construction and Manufacturing
CLOTHING MFG,Construction and Manufacturing
APPLIANCES-WHOLESALE,Construction and Manufacturing
RESTAURANT,Retail and Services
FUEL TANK FARM,Construction and Manufacturing
RADIOLOGY LABORATORY,Health and Welfare
RETAIL WAREHOUSE,Construction and Manufacturing
LINEN SUP/PICK UP ST,Retail and Services
PHOTO WHOLESALE&DIST,Retail and Services
HEAVY FARM EQUIPMENT,Construction and Manufacturing
METAL GAS CYLINDER,Construction and Manufacturing
MOBILE HOME SALES,Construction and Manufacturing
PORTABLE TOILETS,Construction and Manufacturing
AMBULANCE,Health and Welfare
BEAUTY/BARBER SUPPLY,Retail and Services
FOOD BROKERS,Retail and Services
CIRCUIT BOARD MANUFA,Construction and Manufacturing
COMMERCIAL STORAGE,Construction and Manufacturing
METAL-HEAVY MFG,Construction and Manufacturing
ELECTRICAL SUPP. RET,Construction and Manufacturing
DAIRY-WHOLESALE ONLY,Retail and Services
LITHOGRAPHER,Construction and Manufacturing
BRAKE/ALIGNMENT,Construction and Manufacturing
JEWELERS,Retail and Services
GOLF CARTS,Retail and Services
AUCTIONEER,Retail and Services
SIGNS,Retail and Services
BRICK/TILE MFG,Construction and Manufacturing
BATCHPLANT CONC/ASPH,Construction and Manufacturing
GAS RECOVERY,Construction and Manufacturing
LAUNDRY,Retail and Services
RUG CLEANERS,Retail and Services
TIRE RECAPPING,Construction and Manufacturing
SCAFFOLDING,Construction and Manufacturing
TV&RADIO WHOLESALE&D,Construction and Manufacturing
FROZEN FOOD LOCKER,Retail and Services
LAUNDRY - HAND,Retail and Services
PROPANE TNKS HQ SUPP,Construction and Manufacturing
FURNITURE - OUTDOOR,Retail and Services
CANNERIES,Retail and Services
CARPET/RUG (MOVABLE),Retail and Services
LANDFILL,Construction and Manufacturing
BOAT REPAIR,Retail and Services
MEAT WHOLESALE&DIST,Construction and Manufacturing
AIRPORT OPERATOR,Professional and Financial
MOBILE HOMES,Construction and Manufacturing
CARGO CONTAINER,Construction and Manufacturing
DAIRY CATTLE,Retail and Services
ICE VENDING BOXES,Retail and Services
BILLBOARDS,Professional and Financial